date,symbol,sleeve,qty,price,value,weight
2026-10-05,AAPL,equity,29.0,333.09,9659.61,0.11015
2026-10-05,AMD,equity,15.0,632.0,9480.0,0.108102
2026-10-05,AVAX/USD,crypto,54.035393947,11.15,602.49,0.060302
2026-10-05,BAC,equity,181.0,54.09,9790.29,0.11164
2026-10-05,BCH/USD,crypto,1.421897347,317.17,450.98,0.045138
2026-10-05,BTC/USD,crypto,0.014347304,85666.2,1229.08,0.123016
2026-10-05,DOGE/USD,crypto,7391.756244127,0.095322,704.6,0.070522
2026-10-05,ETH/USD,crypto,0.329662,2709.23,893.13,0.089392
2026-10-05,JNJ,equity,38.0,253.0621,9616.36,0.109657
2026-10-05,JPM,equity,29.0,331.1,9601.9,0.109492
2026-10-05,KO,equity,113.0,86.51,9775.63,0.111473
2026-10-05,LINK/USD,crypto,48.359233912,13.8761,671.04,0.067163
2026-10-05,LTC/USD,crypto,11.58712359,69.1804,801.6,0.080231
2026-10-05,MRK,equity,67.0,139.57,9351.19,0.106633
2026-10-05,SOL/USD,crypto,7.076838,120.66,853.89,0.085464
2026-10-05,TMO,equity,14.0,678.56,9499.84,0.108328
2026-10-05,UNH,equity,26.0,378.01,9828.26,0.112073
2026-10-06,AAPL,equity,29.0,336.35,9754.15,0.110981
2026-10-06,AMD,equity,15.0,645.0,9675.0,0.11008
2026-10-06,AVAX/USD,crypto,54.035393947,11.087,599.09,0.061493
2026-10-06,BAC,equity,181.0,53.6,9701.6,0.110383
2026-10-06,BCH/USD,crypto,1.421897347,299.982,426.54,0.043782
2026-10-06,BTC/USD,crypto,0.014347304,83374.97,1196.21,0.122784
2026-10-06,DOGE/USD,crypto,7391.756244127,0.088984,657.75,0.067514
2026-10-06,ETH/USD,crypto,0.329662,2575.69,849.11,0.087156
2026-10-06,JNJ,equity,38.0,257.8,9796.4,0.111462
2026-10-06,JPM,equity,29.0,329.7,9561.3,0.108787
2026-10-06,KO,equity,113.0,85.9,9706.7,0.110441
2026-10-06,LINK/USD,crypto,48.359233912,13.3049,643.41,0.066043
2026-10-06,LTC/USD,crypto,11.58712359,65.778,762.18,0.078233
2026-10-06,MRK,equity,67.0,142.8,9567.6,0.108858
2026-10-06,SOL/USD,crypto,7.076838,116.391,823.68,0.084546
2026-10-06,TMO,equity,14.0,662.06,9268.84,0.105459
2026-10-06,UNH,equity,26.0,375.6472,9766.83,0.111125
